field_id,typed_object,current_public_evidence,status,measurement_or_artifact_request,required_output,why_needed,closure_rule
SQ-01,CZ coherent/Pauli channel,"2025 logical model: 0.35% single-qubit phase-error component; public fidelities also available",PARTIAL,"Provide process-characterized CZ error channel at target Sqale operating point, conditioned separately on retained and lost/leaked atoms","Pauli transfer/process matrix or source-native five-level transition channel with uncertainty; calibration date and qubit-pair distribution","MQM uses 39 CZ requests per round; fidelity alone does not specify propagated error classes","Closed when channel can be sampled per compiled CZ without converting fidelity ad hoc"
SQ-02,CZ gate-associated atom loss,"PRX 2025 two-atom survival 99.62(3)% per CZ at a characterized operating point",PARTIAL,"Measure per-CZ one-atom and two-atom loss probabilities on the target backend and same operating point as gate-error characterization","P(loss_i only), P(loss_j only), P(both), dependence on pair/site, uncertainty","Separates erasure from retained-qubit gate error","Closed when pair-resolved loss channel is source-bound for target backend"
SQ-03,Local Rz channel,"2025 model: angle multiplier 1.012 and 0.132% leakage from input |1>",PARTIAL,"Provide angle-dependent local-Rz coherent-error and leakage characterization for angles used by compiled MQM circuit","rotation-angle bias/distribution; leakage transition probabilities by input state; uncertainty","Direct S/Sdag macros and compiler refocusing pulses use local Rz","Closed when every compiled Rz angle maps to a characterized channel"
SQ-04,Global GR channel,"2025 model: +0.0345 rad absolute overrotation; source model chosen to match ~99.97% RB",PARTIAL,"Provide GR(theta,phi) error model versus theta/phi and array size for target backend","coherent overrotation distribution, axis error, spatial inhomogeneity/correlation, uncertainty","Local-H synthesis uses GR plus Rz sandwiches; global errors can correlate spectators","Closed when compiler-expanded GR calls can be scored with source-bound parameters"
SQ-05,Initial state preparation,"2025 logical model estimates dark leakage 0.006 and bright leakage 0.046 before final preparation sequence",PARTIAL,"Provide complete preparation confusion/leakage channel for |0> and |1> at target backend","P(0,1,0_l,1_l,L | intended 0/1), site distribution, uncertainty","Typed prep differs from reset and from Pauli error","Closed when initial-prep locations map to a five-level source channel"
SQ-06,Mid-circuit reset,"Public source confirms mid-circuit measurement/feedback capability but no source-complete reset channel aligned to MQM reuse",OPEN,"Characterize repeated syndrome/flag reset following NDSSR, including reset latency and residual leakage/loss","conditional output-state distribution after reset, reset duration, failure/leakage/loss probabilities, dependence on prior bright/dark result","MQM reuses syndrome/flag ancillas across 10/4 checks; reset errors and duration contribute directly","Closed when each prep/reset macro has a calibrated reset channel and time"
SQ-07,NDSSR asymmetric classification,"2025 model: epsilon_1to0=0.028, epsilon_0to1=0.004",PARTIAL,"Provide target-backend confusion matrix including leakage-state classification and dependence on prior operations","P(observed dark/bright | 0,1,0_l,1_l), uncertainty","A symmetric q is invalid; MQM must propagate state-dependent measurement errors","Closed when measurement likelihood is state-conditioned and backend-specific"
SQ-08,NDSSR atom loss,"2025 logical experiment: ~1% state-average atom loss/site; PRX: 0.9(3)% in earlier characterization",PARTIAL,"Measure loss conditioned on input/readout state and repeated NDSSR cycle count","P(loss | 0), P(loss | 1), leakage-conditioned loss, uncertainty","Readout loss must not be copied to generic idle epochs","Closed when every NDSSR location has state-conditioned loss"
SQ-09,Missed-loss detection,"Occupancy readout used to check atom loss; no public false-negative/false-positive rate aligned to MQM",OPEN,"Measure occupancy/loss detector confusion matrix after CZ, NDSSR, reset, idle and motion events","P(report present | absent), P(report absent | present), event-type dependence, uncertainty","Current MQM benchmark assumes ideal-detected loss; missed loss can convert erasures into unflagged logical errors","Closed when detection confusion is source-bound for each loss-producing event family"
SQ-10,Idle/storage dephasing,"No duration-resolved MQM-aligned public idle channel in current source set",OPEN,"Measure Ramsey/echo decay and leakage/loss under the exact trap/light configuration used during syndrome extraction","T2*/T2 or direct channel versus duration, leakage/loss versus duration, site distribution","88 data site-epochs per round currently have no hardware channel","Closed when compiled idle durations can map to a measured storage channel"
SQ-11,Ancilla wait/cycle error,"No source-complete channel for syndrome/flag waiting between entanglement and NDSSR/reset",OPEN,"Measure ancilla coherence/leakage/loss over the compiled check timing sequence","channel versus wait duration and prior gate history, uncertainty","14 ancilla-cycle loss/error epochs per round are currently OPEN","Closed when compiled ancilla waits are source-bound"
SQ-12,Atom motion transport,"2026 Sqale uses atom motion for all-to-all connectivity; no public MQM-aligned motion error/loss table",OPEN,"Provide transport-distance/time dependent loss, dephasing, heating and rearrangement failure rates","channel versus distance/time, move count, parallelism, uncertainty","Any routing/motion inserted by compiler changes both loss and coherent error","Closed when each compiled move maps to measured transport channel"
SQ-13,Parallel CZ/crosstalk,"Public individual-pair and logical-system fidelities do not specify full parallel correlated channel",OPEN,"Benchmark simultaneous CZ layers and spectator crosstalk at the concurrency used by MQM compilation","pairwise/multi-pair correlated error statistics, spectator phase/leakage, uncertainty","Independent-location model may fail under parallel Rydberg operations","Closed when compiled CZ layers have a correlated-error contract or justified independence bound"
SQ-14,GR spectator correlation,"Global rotations intentionally touch all atoms; current model has coherent overrotation but not full covariance",OPEN,"Measure shot-to-shot and site-to-site GR angle covariance across array","covariance matrix or low-rank correlated model versus GR angle","Global pulses can correlate data, gauge and ancilla errors","Closed when correlated GR error can be replayed without independent-Pauli approximation"
SQ-15,Backend timing manifest,"Public performance sources do not provide exact compiled MQM gate/reset/measurement durations",OPEN,"Return compiled schedule with gate start/stop times, parallel groups, motion, reset and classical-feedback latency","machine-readable schedule JSON plus backend/calibration ID and execution date","Idle and loss channels are duration-dependent; resource cost needs latency","Closed when timing is replayable and tied to calibration"
SQ-16,Raw calibration provenance,"Published medians aggregate sites/pairs and may not match a future MQM run",OPEN,"Provide per-run calibration snapshot and raw summary statistics for all channels above","backend ID, timestamp, per-site/pair values, exclusions, uncertainty and raw counts where available","Hardware claim requires contemporaneous provenance","Closed when MQM run and calibration snapshot are cryptographically linked"
